Top pages,Clicks,Impressions,CTR,Position
https://risclens.com/compliance/directory/xai,3,72,4.17%,3.39
https://risclens.com/compliance/directory/adyen,3,51,5.88%,7.1
https://risclens.com/compliance/directory/drawio,2,4,50%,5
https://risclens.com/compliance/directory/darktrace,2,4,50%,8
https://risclens.com/compliance/directory/fireblocks,1,256,0.39%,7.92
https://risclens.com/compare/drata-vs-scytale,1,124,0.81%,10.22
https://risclens.com/compare/auditboard-vs-scytale,1,114,0.88%,5.84
https://risclens.com/compliance/directory/carta,1,95,1.05%,9.99
https://risclens.com/compliance/directory/hetzner,1,74,1.35%,7.84
https://risclens.com/compliance/directory/quillbot,1,69,1.45%,7.16
https://risclens.com/compliance/directory/sophos,1,48,2.08%,8.94
https://risclens.com/compliance/directory/sendgrid,1,47,2.13%,9.36
https://risclens.com/compliance/directory/stampli,1,21,4.76%,5.33
https://risclens.com/compliance/directory/palantir,1,20,5%,6.65
https://risclens.com/compliance/directory/tetrate,1,19,5.26%,3.95
https://risclens.com/compliance/directory/factorial-hr,1,17,5.88%,5.53
https://risclens.com/compliance/directory/trustarc,1,15,6.67%,26.27
https://risclens.com/compliance/directory/clevertap,1,13,7.69%,12.15
https://risclens.com/compliance/directory/firebase,1,10,10%,10.7
https://risclens.com/auditor-directory/lexington,1,8,12.5%,6.75
https://risclens.com/compare/vanta-vs-anecdotes,1,8,12.5%,21
https://risclens.com/compliance/directory/temu,1,6,16.67%,14
https://risclens.com/compliance/directory/sprinto,1,5,20%,28.2
https://risclens.com/compare/hotjar-alternatives/for/saas,1,5,20%,37.6
https://risclens.com/compliance/directory/dixa,1,4,25%,13
https://risclens.com/compare/dixa-alternatives/for/ecommerce,1,2,50%,3
https://risclens.com/compliance/directory/fairly-ai,1,2,50%,4.5
https://risclens.com/soc-2/soc-2-roi-analysis/defense-tech,1,2,50%,6
https://risclens.com/iso-27001/risk-assessment/govtech,1,2,50%,6.5
https://risclens.com/compare/toast-alternatives/for/healthcare,1,2,50%,8
https://risclens.com/pci-dss/compliance/gaming,1,2,50%,8.5
https://risclens.com/compare/github-alternatives/for/insurance,1,2,50%,12
https://risclens.com/compliance/directory/dataiku,1,2,50%,12.5
https://risclens.com/compare/paddle-alternatives/for/ecommerce,1,2,50%,25.5
https://risclens.com/auditor-directory/sacramento,1,1,100%,4
https://risclens.com/iso-42001/checklist/ai-ml,1,1,100%,8
https://risclens.com/iso-42001/iso-42001-timeline/ai-ml,1,1,100%,13
https://risclens.com/compliance/directory/navan,0,513,0%,7.2
https://risclens.com/compliance/directory/tailscale,0,464,0%,9.42
https://risclens.com/compare/drata-vs-onetrust,0,456,0%,8.88
https://risclens.com/compare/scytale-vs-workiva,0,378,0%,3.61
https://risclens.com/compare/secureframe-vs-onetrust,0,344,0%,4.47
https://risclens.com/compare/onetrust-alternatives,0,316,0%,38.43
https://risclens.com/compare/auditboard-vs-workiva,0,279,0%,14.38
https://risclens.com/compare/optimizely-alternatives/for/ecommerce,0,275,0%,16.32
https://risclens.com/compare/cyera-alternatives/for/cybersecurity,0,263,0%,49.51
https://risclens.com/compliance/directory/digitalocean,0,230,0%,9.96
https://risclens.com/pricing/auditboard,0,215,0%,7.7
https://risclens.com/compare/secureframe-vs-scrut,0,206,0%,7.8
https://risclens.com/compare/workiva-alternatives,0,205,0%,12.7
https://risclens.com/pricing/workiva,0,200,0%,7.82
https://risclens.com/compare/scrut-vs-scytale,0,174,0%,7.06
https://risclens.com/compliance/directory/upguard,0,174,0%,12.9
https://risclens.com/pricing/scytale,0,150,0%,6.35
https://risclens.com/compare/apptega-alternatives,0,150,0%,11.75
https://risclens.com/compare/secureframe-vs-vanta/for/cybersecurity,0,145,0%,15.71
https://risclens.com/compare/thoropass-vs-scrut,0,136,0%,6.85
https://risclens.com/pricing/logicgate,0,129,0%,7.71
https://risclens.com/compare/scytale-alternatives,0,127,0%,10.19
https://risclens.com/soc-2-sales/bridge-letters,0,126,0%,69.94
https://risclens.com/compare/akita-alternatives/for/cybersecurity,0,123,0%,7.1
https://risclens.com/compare/secureframe-vs-thoropass,0,119,0%,6.91
https://risclens.com/compliance/directory/posthog,0,119,0%,8.19
https://risclens.com/compare/strike-graph-alternatives,0,119,0%,9.05
https://risclens.com/compare/sprinto-vs-onetrust,0,109,0%,5.51
https://risclens.com/compare/auditboard-alternatives,0,109,0%,14.74
https://risclens.com/compare/vanta-alternatives/for/cybersecurity,0,109,0%,62.72
https://risclens.com/compliance/directory/hugging-face,0,103,0%,7.5
https://risclens.com/compliance/directory/databricks,0,102,0%,8.72
https://risclens.com/pricing/thoropass,0,101,0%,4.76
https://risclens.com/compare/wiz-alternatives/for/cybersecurity,0,101,0%,42.58
https://risclens.com/compare/onetrust-alternatives/for/cybersecurity,0,101,0%,45.47
https://risclens.com/compare/auditboard-vs-logicgate,0,96,0%,6.76
https://risclens.com/compliance/directory/perplexity-ai,0,94,0%,8.91
https://risclens.com/compliance/directory/fly-io,0,94,0%,10.13
https://risclens.com/compare/vanta-vs-onetrust,0,94,0%,12.72
https://risclens.com/compliance/directory/split-io,0,91,0%,3.44
https://risclens.com/compliance/directory/workato,0,90,0%,7.91
https://risclens.com/compare/compliance-ai-alternatives,0,90,0%,11.43
https://risclens.com/pricing/secureframe,0,84,0%,23.4
https://risclens.com/compare/drata-vs-secureframe,0,82,0%,23.05
https://risclens.com/compare/replit-alternatives/for/legaltech,0,81,0%,3.62
https://risclens.com/compare/tenable-alternatives/for/cybersecurity,0,80,0%,48.15
https://risclens.com/soc-2/stack/vercel,0,79,0%,10.66
https://risclens.com/compliance/directory/coreweave,0,77,0%,6.87
https://risclens.com/compare/scytale-vs-vanta,0,76,0%,14.45
https://risclens.com/compliance/directory/fireflies,0,74,0%,8.27
https://risclens.com/compliance/directory/neon,0,73,0%,8.74
https://risclens.com/compliance/directory/persona,0,73,0%,22.18
https://risclens.com/compare/scrut-alternatives,0,72,0%,12.19
https://risclens.com/compare/lacework-alternatives,0,69,0%,10.28
https://risclens.com/compare/personio-alternatives/for/hr-tech,0,69,0%,27.65
https://risclens.com/compliance/directory/brex,0,66,0%,7.77
https://risclens.com/compare/benchling-alternatives/for/biotech,0,66,0%,45.77
https://risclens.com/compare/adyen-payments-alternatives/for/ecommerce,0,66,0%,67.86
https://risclens.com/compliance/directory/laika,0,64,0%,8.34
https://risclens.com/compliance/directory/krisp,0,64,0%,8.61
https://risclens.com/compliance/directory/wordtune,0,63,0%,3.51
https://risclens.com/compare/bitsight-alternatives/for/insurtech,0,63,0%,31.52
https://risclens.com/compliance/compare/hipaa-vs-gdpr,0,62,0%,82.92
https://risclens.com/compare/scrut-vs-onetrust,0,61,0%,8.84
https://risclens.com/compare/unstructured-io-alternatives/for/marketing-ai,0,61,0%,11.77
https://risclens.com/compliance/directory/drata-compliance,0,61,0%,42.23
https://risclens.com/compare/onetrust-alternatives/for/saas,0,60,0%,57.87
https://risclens.com/compliance/directory/bitgo,0,58,0%,6.97
https://risclens.com/compliance/directory/fivetran,0,58,0%,8.88
https://risclens.com/compliance/compare/vanta-vs-drata,0,57,0%,47.7
https://risclens.com/pricing/resolver,0,56,0%,6.43
https://risclens.com/compare/laika-alternatives/for/cybersecurity,0,56,0%,7.71
https://risclens.com/compare/knowbe4-alternatives/for/cybersecurity,0,56,0%,30.62
https://risclens.com/compare/splunk-alternatives,0,56,0%,49.23
https://risclens.com/compare/laika-alternatives/for/saas,0,55,0%,8.15
https://risclens.com/compliance/directory/odoo,0,55,0%,10.16
https://risclens.com/compare/thoropass-vs-scytale,0,55,0%,15.62
https://risclens.com/ai-governance/credo-ai-vs-holistic-ai,0,53,0%,6.83
https://risclens.com/compare/securityscorecard-alternatives/for/gaming,0,53,0%,47.17
https://risclens.com/compliance/directory/notion-app,0,52,0%,15.81
https://risclens.com/compare/auth0-alternatives,0,52,0%,16.33
https://risclens.com/compare/riskrecon-alternatives/for/fintech,0,52,0%,26.44
https://risclens.com/compliance/directory/harvey-ai,0,51,0%,6.55
https://risclens.com/pricing/hyperproof,0,51,0%,7.18
https://risclens.com/compare/rapid7-alternatives/for/cybersecurity,0,50,0%,30.12
https://risclens.com/compliance/directory/onepassword,0,49,0%,9.53
https://risclens.com/compare/clerk-alternatives/for/saas,0,49,0%,17.14
https://risclens.com/compare/laika-alternatives/for/fintech,0,48,0%,5.88
https://risclens.com/compliance/directory/synthesia,0,48,0%,9.71
https://risclens.com/compare/drata-vs-scrut,0,48,0%,13.5
https://risclens.com/compliance/directory/runway-ml,0,47,0%,7.72
https://risclens.com/compare/fireeye-alternatives/for/cybersecurity,0,47,0%,8.45
https://risclens.com/compliance/directory/dynatrace,0,47,0%,15.38
https://risclens.com/compare/cynomi-alternatives,0,46,0%,14.39
https://risclens.com/compliance/directory/deepl,0,46,0%,18.09
https://risclens.com/compare/hyperproof-alternatives,0,46,0%,34.85
https://risclens.com/compare/hyperproof-vs-workiva,0,45,0%,4.93
https://risclens.com/compliance/directory/replit,0,45,0%,8.16
https://risclens.com/compliance/directory/adyen-payments,0,45,0%,10.44
https://risclens.com/compliance/directory/heygen,0,45,0%,11.71
https://risclens.com/compliance/directory/firefliesai,0,45,0%,15.87
https://risclens.com/compare/plaid-alternatives/for/fintech,0,45,0%,44.62
https://risclens.com/compare/zscaler-alternatives/for/cybersecurity,0,45,0%,49.44
https://risclens.com/compliance/directory/greenhouse,0,44,0%,6.45
https://risclens.com/compare/drata-compliance-alternatives/for/cybersecurity,0,43,0%,58.79
https://risclens.com/compliance/directory/hebbia,0,42,0%,6.19
https://risclens.com/pricing/onetrust,0,42,0%,8.69
https://risclens.com/compliance/directory/modal,0,42,0%,8.95
https://risclens.com/compare/benchling-alternatives/for/cybersecurity,0,42,0%,10.45
https://risclens.com/ai-governance/iso-42001-certification-cost,0,42,0%,10.48
https://risclens.com/compare/drata-vs-vanta/for/cybersecurity,0,42,0%,65.33
https://risclens.com/compliance/directory/mycase,0,41,0%,4.02
https://risclens.com/pricing/compliance-ai,0,41,0%,10.93
https://risclens.com/compare/airbase-alternatives/for/cybersecurity,0,41,0%,13.85
https://risclens.com/compare/thoropass-vs-hyperproof,0,41,0%,19.34
https://risclens.com/compliance/directory/heroku,0,41,0%,27.29
https://risclens.com/compliance/directory/jumio,0,40,0%,8.25
https://risclens.com/compare/thoropass-alternatives,0,40,0%,11.07
https://risclens.com/compare/sardine-alternatives/for/insurtech,0,40,0%,16.95
https://risclens.com/compliance/directory/hightouch,0,39,0%,9.77
https://risclens.com/compare/credo-ai-alternatives,0,39,0%,18.92
https://risclens.com/compare/anecdotes-alternatives,0,39,0%,19.82
https://risclens.com/compliance/directory/nubank,0,38,0%,2.42
https://risclens.com/compliance/directory/hookdeck,0,38,0%,6.68
https://risclens.com/compliance/directory/scaleway,0,38,0%,7.32
https://risclens.com/compare/split-io-alternatives/for/crypto-web3,0,38,0%,12.05
https://risclens.com/compliance/directory/adp,0,38,0%,15.24
https://risclens.com/compare/arctic-wolf-alternatives/for/cybersecurity,0,38,0%,21.45
https://risclens.com/compare/sprinto-vs-thoropass/for/cybersecurity,0,38,0%,27.87
https://risclens.com/compare/cyera-alternatives/for/saas,0,38,0%,51.89
https://risclens.com/compliance/directory/replicate,0,37,0%,5.7
https://risclens.com/soc-2/stack/supabase,0,37,0%,12.86
https://risclens.com/iso-27001/for/devops/saas,0,37,0%,14.84
https://risclens.com/compare/zoominfo-alternatives/for/saas,0,37,0%,19.35
https://risclens.com/auditor-directory/boston,0,37,0%,44.35
https://risclens.com/compliance/directory/clio,0,36,0%,6.33
https://risclens.com/compliance/directory/contentsquare,0,36,0%,7.83
https://risclens.com/compare/vanta-vs-hyperproof,0,36,0%,9.67
https://risclens.com/compare/jupiterone-alternatives,0,36,0%,19.28
https://risclens.com/compare/bigid-alternatives/for/insurtech,0,36,0%,23.86
https://risclens.com/compare/proofpoint-alternatives/for/cybersecurity,0,36,0%,31.19
https://risclens.com/compare/palantir-alternatives/for/ai-ml,0,36,0%,41.03
https://risclens.com/compare/drata-alternatives/for/cybersecurity,0,36,0%,55.14
https://risclens.com/compliance/directory/modern-treasury,0,35,0%,6.54
https://risclens.com/compare/secureframe-vs-sprinto/for/cybersecurity,0,35,0%,8.34
https://risclens.com/compare/vanta-vs-strike-graph,0,35,0%,8.8
https://risclens.com/compare/sprinto-vs-scrut,0,35,0%,9.31
https://risclens.com/compare/tipalti-alternatives/for/fintech,0,35,0%,57.06
https://risclens.com/compare/vanta-alternatives/for/saas,0,35,0%,64
https://risclens.com/compliance/directory/spendesk,0,34,0%,5.82
https://risclens.com/compliance/directory/tray-io,0,34,0%,5.91
https://risclens.com/compliance/directory/galileo-ai,0,34,0%,7.71
https://risclens.com/compliance/directory/cyera,0,34,0%,13.47
https://risclens.com/compare/bigid-alternatives/for/devtools,0,34,0%,37.82
https://risclens.com/compliance/directory/whylabs,0,33,0%,3
https://risclens.com/compare/hyperproof-vs-apptega,0,33,0%,3.97
https://risclens.com/compliance/directory/railway,0,33,0%,6.21
https://risclens.com/compliance/directory/ibm-cloud,0,33,0%,8.79
https://risclens.com/compliance/directory/uipath,0,33,0%,10.94
https://risclens.com/compare/scrut-vs-resolver,0,33,0%,12.45
https://risclens.com/compare/hyperproof-vs-scytale,0,33,0%,22.3
https://risclens.com/compare/workiva-alternatives/for/fintech,0,33,0%,37.76
https://risclens.com/compare/bitsight-alternatives/for/defense-tech,0,33,0%,42.36
https://risclens.com/compliance/directory/walkme,0,32,0%,6.69
https://risclens.com/compliance/directory/brevo,0,32,0%,6.78
https://risclens.com/compliance/directory/xero,0,32,0%,9.34
https://risclens.com/soc-2/for/devops/healthcare,0,32,0%,9.5
https://risclens.com/compare/bigid-alternatives/for/ai-ml,0,32,0%,26.41
https://risclens.com/compare/mparticle-alternatives/for/ecommerce,0,32,0%,52.56
https://risclens.com/compare/vanta-vs-drata/for/cybersecurity,0,32,0%,77.78
https://risclens.com/compliance/directory/aiven,0,31,0%,6.97
https://risclens.com/compliance/directory/benchling,0,31,0%,8.26
https://risclens.com/compliance/directory/bill-com,0,31,0%,10.16
https://risclens.com/compliance/directory/hibob,0,31,0%,10.58
https://risclens.com/compliance/migrate/iso27001-to-tisax,0,31,0%,22.65
https://risclens.com/compare/tanium-alternatives/for/healthcare,0,31,0%,39.61
https://risclens.com/compare/tanium-alternatives/for/healthtech,0,31,0%,52.19
https://risclens.com/compare/tanium-alternatives/for/saas,0,31,0%,64.77
https://risclens.com/compare/synthesia-alternatives/for/gaming,0,30,0%,8.17
https://risclens.com/compliance/gdpr/gdpr-compliance-for-edtech,0,30,0%,8.37
https://risclens.com/compliance/directory/ramp,0,30,0%,10.03
https://risclens.com/compare/logicgate-alternatives,0,30,0%,17.07
https://risclens.com/compliance/compare/drata-vs-laika,0,30,0%,28.7
https://risclens.com/compare/scale-ai-alternatives/for/ecommerce,0,30,0%,80.1
https://risclens.com/compliance/directory/iterable,0,29,0%,4.31
https://risclens.com/compare/laika-alternatives/for/insurance,0,29,0%,5
https://risclens.com/compliance/directory/lattice,0,29,0%,5.21
https://risclens.com/compare/scrut-vs-strike-graph,0,29,0%,5.97
https://risclens.com/compare/zillow-alternatives/for/fintech,0,29,0%,7.21
https://risclens.com/compare/qonto-alternatives/for/legaltech,0,29,0%,7.24
https://risclens.com/compare/expensify-alternatives/for/cybersecurity,0,29,0%,7.45
https://risclens.com/compliance/directory/arize-ai,0,29,0%,7.48
https://risclens.com/compliance/directory/render,0,29,0%,10.28
https://risclens.com/compare/firehydrant-alternatives/for/cybersecurity,0,29,0%,10.59
https://risclens.com/compliance/directory/ovhcloud,0,29,0%,20.72
https://risclens.com/compare/secureframe-compliance-alternatives/for/cybersecurity,0,29,0%,23.93
https://risclens.com/compare/darktrace-alternatives/for/cybersecurity,0,29,0%,24.41
https://risclens.com/compare/evenup-alternatives/for/marketing-ai,0,29,0%,27.76
https://risclens.com/compare/benchling-alternatives/for/healthcare,0,29,0%,68.03
https://risclens.com/pricing,0,29,0%,79.69
https://risclens.com/compliance/directory/sprig,0,28,0%,5
https://risclens.com/compliance/soc-2/soc-2-compliance-for-ecommerce,0,28,0%,6.25
https://risclens.com/compliance/directory/airbyte,0,28,0%,7.93
https://risclens.com/compare/drata-vs-thoropass,0,28,0%,9.29
https://risclens.com/compliance/directory/cresta,0,28,0%,11.18
https://risclens.com/compliance/hipaa/hipaa-compliance-for-ecommerce,0,28,0%,27.54
https://risclens.com/compare/netskope-alternatives/for/cybersecurity,0,28,0%,31.71
https://risclens.com/compare/vanta-vs-secureframe,0,28,0%,41.5
https://risclens.com/compliance/iso-27001/iso-27001-compliance-for-saas,0,28,0%,57.11
https://risclens.com/compare/hyperproof-alternatives/for/cybersecurity,0,28,0%,57.71
https://risclens.com/compare/credo-ai-alternatives/for/healthcare,0,28,0%,71.36
https://risclens.com/compliance/directory/lambda-labs,0,27,0%,4.89
https://risclens.com/soc-2-sales/qualified-opinions,0,27,0%,7.93
https://risclens.com/compliance/directory/pandadoc,0,27,0%,8.3
https://risclens.com/compliance/directory/ably,0,27,0%,8.44
https://risclens.com/compliance/directory/cursor,0,27,0%,8.59
https://risclens.com/compliance/compare/drata-vs-secureframe,0,27,0%,13.37
https://risclens.com/compare/secureframe-vs-hyperproof,0,27,0%,23.89
https://risclens.com/compliance/directory/payoneer,0,26,0%,5.65
https://risclens.com/compliance/directory/bamboohr-saas,0,26,0%,8.58
https://risclens.com/compliance/directory/ninjaone,0,26,0%,8.69
https://risclens.com/compliance/directory/onesignal,0,26,0%,9.46
https://risclens.com/compliance/directory/crisp,0,26,0%,10.62
https://risclens.com/compare/airbase-alternatives/for/fintech,0,26,0%,10.65
https://risclens.com/compare/fireblocks-alternatives/for/crypto-web3,0,26,0%,11.04
https://risclens.com/compare/hopper-alternatives/for/hr-tech,0,26,0%,31.88
https://risclens.com/compare/cyberark-alternatives/for/fintech,0,26,0%,33.27
https://risclens.com/compare/onetrust-alternatives/for/ai-ml,0,26,0%,42.73
https://risclens.com/compare/securityscorecard-alternatives/for/fintech,0,26,0%,43.15
https://risclens.com/compare/cyera-alternatives/for/ai-ml,0,26,0%,64.15
https://risclens.com/compliance/directory/chroma,0,25,0%,4.08
https://risclens.com/compliance/directory/betterstack,0,25,0%,5.64
https://risclens.com/soc-2/for/auditor/edtech,0,25,0%,5.72
https://risclens.com/compare/fireblocks-alternatives/for/cybersecurity,0,25,0%,7.36
https://risclens.com/compliance/directory/mistral-ai,0,25,0%,7.64
https://risclens.com/compare/scrut-vs-lacework,0,25,0%,8
https://risclens.com/compliance/directory/automation-anywhere,0,25,0%,12.48
https://risclens.com/compare/pleo-alternatives/for/fintech,0,25,0%,27.32
https://risclens.com/compare/hyperproof-vs-lacework,0,25,0%,30.84
https://risclens.com/compare/checkmarx-alternatives/for/cybersecurity,0,25,0%,41.96
https://risclens.com/ai-governance/eu-ai-act-compliance-checklist,0,25,0%,53.52
https://risclens.com/compare/cyera-alternatives/for/fintech,0,25,0%,66.96
https://risclens.com/compare/drata-vs-vanta/for/saas,0,25,0%,75.64
https://risclens.com/compare/securityscorecard-alternatives/for/crypto-web3,0,25,0%,83.84
https://risclens.com/compliance/directory/akamai,0,24,0%,8.46
https://risclens.com/compliance/directory/lucid,0,24,0%,10.58
https://risclens.com/compare/vanta-vs-auditboard,0,24,0%,14.75
https://risclens.com/compare/rudderstack-alternatives/for/cybersecurity,0,24,0%,39.88
https://risclens.com/compare/vanta-vs-secureframe/for/cybersecurity,0,24,0%,59.96
https://risclens.com/ai-governance/ai-governance-compliance-for-healthcare,0,24,0%,69.04
https://risclens.com/compare/securityscorecard-alternatives/for/manufacturing,0,24,0%,72.88
https://risclens.com/compliance/directory/blameless,0,23,0%,2.26
https://risclens.com/compliance/directory/writesonic,0,23,0%,6
https://risclens.com/compare/cerebras-alternatives/for/cybersecurity,0,23,0%,8.7
https://risclens.com/compliance/directory/mailgun,0,23,0%,8.7
https://risclens.com/compare/datarobot-alternatives/for/ai-ml,0,23,0%,12
https://risclens.com/compliance/directory/calendly,0,23,0%,14.91
https://risclens.com/compare/split-io-alternatives/for/ai-ml,0,23,0%,17.48
https://risclens.com/compliance/directory/coralogix,0,23,0%,18.13
https://risclens.com/compare/soldo-alternatives/for/fintech,0,23,0%,24.35
https://risclens.com/compare/rytr-alternatives/for/ai-ml,0,22,0%,2.95
https://risclens.com/compliance/directory/qdrant,0,22,0%,4.95
https://risclens.com/compliance/directory/vitally,0,22,0%,5.77
https://risclens.com/compliance/directory/hiver,0,22,0%,6.18
https://risclens.com/compliance/directory/alloy,0,22,0%,6.68
https://risclens.com/compliance/directory/gem-hr,0,22,0%,8.5
https://risclens.com/compare/a-lign-alternatives,0,22,0%,9.36
https://risclens.com/soc-2/stack/gitlab,0,22,0%,9.59
https://risclens.com/pricing/auth0,0,22,0%,15.68
https://risclens.com/compare/aqua-security-alternatives/for/cybersecurity,0,22,0%,16.14
https://risclens.com/compare/auditboard-vs-hyperproof,0,22,0%,17
https://risclens.com/compare/orca-security-alternatives/for/cybersecurity,0,22,0%,35.59
https://risclens.com/compare/payhawk-alternatives/for/fintech,0,22,0%,47.68
https://risclens.com/compare/bitsight-alternatives/for/gaming,0,22,0%,51.64
https://risclens.com/compare/akamai-alternatives/for/cybersecurity,0,22,0%,52.09
https://risclens.com/compare/fastspring-alternatives/for/fintech,0,22,0%,56.91
https://risclens.com/compare/panorays-alternatives/for/defense-tech,0,22,0%,59.05
https://risclens.com/compare/groove-alternatives/for/saas,0,22,0%,86.86
https://risclens.com/compliance/directory/paige-ai,0,21,0%,4
https://risclens.com/compliance/directory/labelbox,0,21,0%,5.43
https://risclens.com/compliance/directory/loom,0,21,0%,6.05
https://risclens.com/compliance/directory/anyword,0,21,0%,6.33
https://risclens.com/compliance/directory/huggingface,0,21,0%,8.67
https://risclens.com/compare/onetrust-vs-apptega,0,21,0%,9
https://risclens.com/compare/secureframe-vs-sprinto,0,21,0%,9.1
https://risclens.com/compare/palo-alto-networks-alternatives/for/cybersecurity,0,21,0%,9.38
https://risclens.com/compliance/directory/payhawk,0,21,0%,9.71
https://risclens.com/compliance/directory/tally,0,21,0%,9.81
https://risclens.com/compliance/directory/freshworks,0,21,0%,10.57
https://risclens.com/compliance/migrate/soc2-to-pci-dss,0,21,0%,12.14
https://risclens.com/compare/marqeta-alternatives/for/fintech,0,21,0%,13.05
https://risclens.com/compare/groq-alternatives/for/ai-ml,0,21,0%,13.33
https://risclens.com/compare/gainsight-alternatives/for/cybersecurity,0,21,0%,16.43
https://risclens.com/compare/launchdarkly-alternatives/for/saas,0,21,0%,16.52
https://risclens.com/compare/workiva-alternatives/for/hr-tech,0,21,0%,31.76
https://risclens.com/compare/bitsight-alternatives/for/hr-tech,0,21,0%,59.24
https://risclens.com/compare/culture-amp-hr-alternatives/for/saas,0,21,0%,86
https://risclens.com/compliance/directory/chime,0,20,0%,3.65
https://risclens.com/compare/hyperproof-vs-onetrust,0,20,0%,6.6
https://risclens.com/compare/thoropass-vs-auditboard,0,20,0%,6.8
https://risclens.com/compliance/directory/cognition,0,20,0%,7
https://risclens.com/compliance/directory/trello,0,20,0%,7.5
https://risclens.com/compliance/directory/weights-and-biases,0,20,0%,7.55
https://risclens.com/compare/drata-vs-hyperproof,0,20,0%,9
https://risclens.com/compliance/directory/kinsta,0,20,0%,11.25
https://risclens.com/compare/sonarqube-alternatives/for/legaltech,0,20,0%,12.5
https://risclens.com/compare/veracode-alternatives/for/cybersecurity,0,20,0%,31.1
https://risclens.com/compare/scale-ai-alternatives/for/ai-ml,0,20,0%,47.7
https://risclens.com/compare/auditboard-vs-resolver,0,20,0%,58.4
https://risclens.com/compliance/compare/drata-vs-strike-graph,0,20,0%,60.9
https://risclens.com/compare/launchdarkly-alternatives/for/manufacturing,0,20,0%,67.8
https://risclens.com/compare/vanta-alternatives/for/insurtech,0,20,0%,72.5
https://risclens.com/compare/vanta-vs-secureframe/for/saas,0,20,0%,79.3
https://risclens.com/compare/secureframe-vs-vanta/for/saas,0,20,0%,80.8
https://risclens.com/compliance/directory/instacart,0,19,0%,3.89
https://risclens.com/compliance/directory/soldo,0,19,0%,4.37
https://risclens.com/compliance/directory/userpilot,0,19,0%,5.74
https://risclens.com/compliance/directory/dashlane,0,19,0%,5.95
https://risclens.com/compliance/directory/planetscale,0,19,0%,6
https://risclens.com/compliance/directory/lyra-health,0,19,0%,6.37
https://risclens.com/compliance/directory/bolt,0,19,0%,6.79
https://risclens.com/compliance/directory/evisort,0,19,0%,6.79
https://risclens.com/compliance/directory/rootly,0,19,0%,7.53
https://risclens.com/compliance/directory/crowdstrike,0,19,0%,7.95
https://risclens.com/gdpr/gdpr-compliance-roadmap/crypto-web3,0,19,0%,8.42
https://risclens.com/compliance/directory/coachhub-hr,0,19,0%,8.58
https://risclens.com/compliance/directory/deel,0,19,0%,8.84
https://risclens.com/gdpr/for/founder/crypto-web3,0,19,0%,10.05
https://risclens.com/compare/servicenow-alternatives/for/cybersecurity,0,19,0%,10.21
https://risclens.com/compare/secureframe-vs-scytale,0,19,0%,10.79
https://risclens.com/compare/cerebras-alternatives/for/ai-ml,0,19,0%,11
https://risclens.com/compare/vanta-vs-workiva,0,19,0%,11.26
https://risclens.com/compare/onetrust-alternatives/for/fintech,0,19,0%,11.89
https://risclens.com/compliance/directory/paddle,0,19,0%,12.58
https://risclens.com/compare/servicenow-alternatives/for/saas,0,19,0%,13.53
https://risclens.com/compare/mparticle-alternatives/for/marketing-ai,0,19,0%,34.68
https://risclens.com/compare/coralogix-alternatives/for/saas,0,19,0%,40.95
https://risclens.com/compare/sentinelone-alternatives/for/cybersecurity,0,19,0%,43.32
https://risclens.com/compare/kubernetes-alternatives/for/ai-ml,0,19,0%,50.95
https://risclens.com/compare/spekit-alternatives/for/ai-ml,0,19,0%,51.26
https://risclens.com/compare/launchdarkly-alternatives/for/cybersecurity,0,19,0%,52.58
https://risclens.com/compare/jupiterone-alternatives/for/proptech,0,19,0%,59.95
https://risclens.com/compare/personio-alternatives/for/martech,0,19,0%,78.68
https://risclens.com/compare/cyera-alternatives/for/healthcare,0,19,0%,89.05
https://risclens.com/compare/snowflake-alternatives/for/govtech,0,18,0%,3.5
https://risclens.com/compliance/directory/thoughtspot,0,18,0%,6.83
https://risclens.com/compare/intel-alternatives/for/ai-ml,0,18,0%,8.17
https://risclens.com/compliance/directory/appsflyer,0,18,0%,8.17
https://risclens.com/pricing/sprinto,0,18,0%,8.5
https://risclens.com/compliance/directory/papaya-global-hr,0,18,0%,8.94
https://risclens.com/compliance/directory/qualified,0,18,0%,8.94
https://risclens.com/compliance/directory/glean,0,18,0%,9
https://risclens.com/compliance/directory/chargebee,0,18,0%,11
https://risclens.com/compare/rudderstack-alternatives/for/fintech,0,18,0%,12.22
https://risclens.com/compare/sumsub-alternatives/for/defense-tech,0,18,0%,13.33
https://risclens.com/compliance/directory/new-relic,0,18,0%,15.94
https://risclens.com/compliance/directory/paycom,0,18,0%,16.17
https://risclens.com/compare/fifteen-five-alternatives/for/cybersecurity,0,18,0%,18.67
https://risclens.com/compliance/directory/zoho,0,18,0%,19.28
https://risclens.com/compare/gusto-alternatives/for/cybersecurity,0,18,0%,23.44
https://risclens.com/compare/darktrace-alternatives/for/ai-ml,0,18,0%,26.83
https://risclens.com/compare/securityscorecard-alternatives/for/defense-tech,0,18,0%,27.78
https://risclens.com/compare/evenup-alternatives/for/ai-ml,0,18,0%,29.11
https://risclens.com/compare/workiva-alternatives/for/proptech,0,18,0%,45.11
https://risclens.com/compare/zscaler-alternatives/for/saas,0,18,0%,50.56
https://risclens.com/compare/payhawk-alternatives/for/saas,0,18,0%,56.89
https://risclens.com/compare/fastspring-alternatives/for/saas,0,18,0%,66.44
https://risclens.com/compare/drata-vs-vanta/for/healthcare,0,18,0%,78.61
https://risclens.com/compliance/directory/viz-ai,0,17,0%,5.88
https://risclens.com/compliance/directory/lever-hr,0,17,0%,7.18
https://risclens.com/compliance/directory/chroma-ai,0,17,0%,7.53
https://risclens.com/compare/thoropass-vs-secureframe/for/ai-ml,0,17,0%,8.24
https://risclens.com/compare/resolver-alternatives,0,17,0%,9.76
https://risclens.com/compliance/directory/trend-micro,0,17,0%,11.35
https://risclens.com/compare/drata-vs-auditboard,0,17,0%,13.53
https://risclens.com/compare/gitlab-alternatives/for/cybersecurity,0,17,0%,18.29
https://risclens.com/compare/sprinto-vs-drata/for/cybersecurity,0,17,0%,22.35
https://risclens.com/compare/stripe-alternatives/for/gaming,0,17,0%,31.59
https://risclens.com/compare/secureframe-alternatives,0,17,0%,38.71
https://risclens.com/compare/moveworks-alternatives/for/ai-ml,0,17,0%,38.76
https://risclens.com/compare/zapier-alternatives/for/cybersecurity,0,17,0%,50
https://risclens.com/compare/sendbird-alternatives/for/saas,0,17,0%,59.47
https://risclens.com/compare/hopper-alternatives/for/manufacturing,0,17,0%,63.76
https://risclens.com/compare/vanta-vs-secureframe/for/manufacturing,0,17,0%,78.24
https://risclens.com/compare/tanium-alternatives/for/manufacturing,0,17,0%,81.18
https://risclens.com/compare/vanta-vs-drata/for/saas,0,17,0%,82.47
https://risclens.com/compare/vanta-vs-secureframe/for/insurance,0,17,0%,89.94
https://risclens.com/eu-ai-act/cost/saas,0,16,0%,5
https://risclens.com/soc-2/timeline/marketing-ai,0,16,0%,5
https://risclens.com/compliance/directory/sofi,0,16,0%,7.06
https://risclens.com/compliance/directory/chainalysis,0,16,0%,7.44
https://risclens.com/compliance/directory/appcues,0,16,0%,7.69
https://risclens.com/iso-42001/readiness-checklist/ai-ml,0,16,0%,7.81
https://risclens.com/compare/hyperproof-vs-scrut,0,16,0%,8.06
https://risclens.com/compare/palantir-alternatives/for/cybersecurity,0,16,0%,8.94
https://risclens.com/compare/trustarc-alternatives/for/fintech,0,16,0%,14.31
https://risclens.com/compare/thoropass-vs-vanta/for/cybersecurity,0,16,0%,14.44
https://risclens.com/compare/thoropass-alternatives/for/cybersecurity,0,16,0%,17.19
https://risclens.com/compare/lacework-alternatives/for/saas,0,16,0%,23.12
https://risclens.com/compare/wp-engine-alternatives/for/saas,0,16,0%,28.88
https://risclens.com/compare/sentry-alternatives/for/cybersecurity,0,16,0%,34.06
https://risclens.com/compare/atlassian-alternatives/for/saas,0,16,0%,35.56
https://risclens.com/compare/weights-and-biases-alternatives/for/ai-ml,0,16,0%,35.69
https://risclens.com/compare/freshworks-alternatives/for/saas,0,16,0%,52.44
https://risclens.com/compare/secureframe-vs-strike-graph,0,16,0%,60.25
https://risclens.com/compare/jupiterone-alternatives/for/gaming,0,16,0%,68.12
https://risclens.com/compare/onetrust-alternatives/for/digital-health,0,16,0%,69.56
https://risclens.com/compare/rudderstack-alternatives/for/ai-ml,0,16,0%,70.06
https://risclens.com/compare/bigid-alternatives/for/ecommerce,0,16,0%,70.88
https://risclens.com/compare/panorays-alternatives/for/crypto-web3,0,16,0%,72.38
https://risclens.com/compare/cyera-alternatives/for/ecommerce,0,16,0%,73.56
https://risclens.com/compare/hibob-hr-alternatives/for/hr-tech,0,16,0%,78.19
https://risclens.com/compare/bitsight-alternatives/for/healthcare,0,16,0%,84.69
https://risclens.com/compare/bitsight-alternatives/for/logistics,0,16,0%,90.38
https://risclens.com/compliance/directory/flexport,0,15,0%,3.73
https://risclens.com/compliance/directory/linktree,0,15,0%,5.4
https://risclens.com/compliance/directory/groove,0,15,0%,5.8
https://risclens.com/compare/current-alternatives/for/govtech,0,15,0%,6
https://risclens.com/compliance/directory/llamaindex,0,15,0%,6
https://risclens.com/compliance/directory/linear,0,15,0%,6.27
https://risclens.com/compare/laika-alternatives/for/legaltech,0,15,0%,6.53
https://risclens.com/compliance/directory/idnow,0,15,0%,6.73
https://risclens.com/compare/hinge-health-alternatives/for/healthcare,0,15,0%,6.8
https://risclens.com/compare/scrut-vs-workiva,0,15,0%,7.13
https://risclens.com/compliance/directory/metricstream,0,15,0%,7.2
https://risclens.com/compare/sprinto-vs-thoropass,0,15,0%,7.73
https://risclens.com/compare/sprinto-vs-secureframe/for/cybersecurity,0,15,0%,10.33
https://risclens.com/compare/elliptic-alternatives/for/crypto-web3,0,15,0%,10.73
https://risclens.com/compare/okta-alternatives/for/hr-tech,0,15,0%,11.73
https://risclens.com/compare/secureframe-vs-thoropass/for/cybersecurity,0,15,0%,11.87
https://risclens.com/compliance/directory/bitwarden,0,15,0%,11.87
https://risclens.com/compliance/directory/razorpay,0,15,0%,12
https://risclens.com/compare/vanta-vs-thoropass,0,15,0%,12.33
https://risclens.com/compare/prevalent-alternatives/for/insurtech,0,15,0%,12.93
https://risclens.com/compliance/directory/whistic,0,15,0%,15.93
https://risclens.com/compare/hebbia-alternatives/for/ai-ml,0,15,0%,24.07
https://risclens.com/compare/scytale-vs-a-lign,0,15,0%,25.47
https://risclens.com/compliance/directory/prevalent,0,15,0%,25.53
https://risclens.com/compare/workiva-alternatives/for/saas,0,15,0%,29.53
https://risclens.com/compare/workiva-alternatives/for/cybersecurity,0,15,0%,33.4
https://risclens.com/compare/diligent-alternatives/for/saas,0,15,0%,35.67
https://risclens.com/compare/jira-alternatives/for/saas,0,15,0%,41.87
https://risclens.com/compare/rudderstack-alternatives/for/marketing-ai,0,15,0%,42.87
https://risclens.com/compare/secureframe-alternatives/for/cybersecurity,0,15,0%,42.87
https://risclens.com/ai-governance/copilot-governance,0,15,0%,45
https://risclens.com/compare/whatfix-alternatives/for/ai-ml,0,15,0%,45.53
https://risclens.com/compare/workiva-alternatives/for/legaltech,0,15,0%,49.6
https://risclens.com/compare/hipaa-vs-gdpr,0,15,0%,50.4
https://risclens.com/compare/gitpod-alternatives/for/healthcare,0,15,0%,58.8
https://risclens.com/compare/panorays-alternatives/for/healthtech,0,15,0%,60.13
https://risclens.com/ai-governance/ai-risk-assessment-template,0,15,0%,65.87
https://risclens.com/compare/launchdarkly-alternatives/for/healthtech,0,15,0%,72.6
https://risclens.com/compare/render-alternatives/for/insurance,0,15,0%,73.13
https://risclens.com/compare/drata-vs-vanta/for/manufacturing,0,15,0%,76.2
https://risclens.com/compare/secureframe-vs-vanta/for/gaming,0,15,0%,78.87
https://risclens.com/compliance/directory/juro,0,14,0%,4.86
https://risclens.com/compliance/directory/statsig,0,14,0%,5.43
https://risclens.com/compare/laika-alternatives/for/govtech,0,14,0%,7.21
https://risclens.com/compliance/directory/agiloft,0,14,0%,7.86
https://risclens.com/compliance/directory/growthbook,0,14,0%,8.21
https://risclens.com/compare/laika-alternatives/for/manufacturing,0,14,0%,9.14
https://risclens.com/compliance/directory/front,0,14,0%,9.14
https://risclens.com/compliance/directory/clickhouse,0,14,0%,9.29
https://risclens.com/compare/auditboard-vs-a-lign,0,14,0%,9.86
https://risclens.com/compare/ro-alternatives/for/insurance,0,14,0%,10.5
https://risclens.com/compare/klaviyo-alternatives/for/ai-ml,0,14,0%,11
https://risclens.com/compliance/directory/culture-amp-hr,0,14,0%,11
https://risclens.com/compliance/directory/synopsys,0,14,0%,11.36
https://risclens.com/compare/navan-alternatives/for/ai-ml,0,14,0%,11.86
https://risclens.com/compare/wayflyer-alternatives/for/fintech,0,14,0%,12.21
https://risclens.com/compare/scytale-vs-resolver,0,14,0%,14.57
https://risclens.com/compare/diligent-alternatives/for/cybersecurity,0,14,0%,14.93
https://risclens.com/compare/mparticle-alternatives/for/fintech,0,14,0%,14.93
https://risclens.com/compare/galileo-ai-alternatives/for/fintech,0,14,0%,15.21
https://risclens.com/compliance/directory/read-ai,0,14,0%,15.64
https://risclens.com/ai-governance/chatgpt-enterprise-governance,0,14,0%,16.5
https://risclens.com/ai-compliance,0,14,0%,18.71
https://risclens.com/compare/coralogix-alternatives/for/legaltech,0,14,0%,21.21
https://risclens.com/compare/jupiterone-alternatives/for/cybersecurity,0,14,0%,22
https://risclens.com/compare/betterworks-alternatives/for/hr-tech,0,14,0%,23.64
https://risclens.com/compliance/directory/bitsight,0,14,0%,27.21
https://risclens.com/compare/sprinto-vs-vanta/for/cybersecurity,0,14,0%,30.79
https://risclens.com/compare/qualtrics-alternatives/for/cybersecurity,0,14,0%,34.79
https://risclens.com/compare/drata-vs-secureframe/for/cybersecurity,0,14,0%,36.64
https://risclens.com/compare/secureframe-vs-drata/for/cybersecurity,0,14,0%,49.29
https://risclens.com/compare/rudderstack-alternatives/for/saas,0,14,0%,56.21
https://risclens.com/compare/bigid-alternatives/for/legaltech,0,14,0%,65.21
https://risclens.com/compare/veracode-alternatives/for/saas,0,14,0%,68.21
https://risclens.com/compare/auditboard-alternatives/for/cybersecurity,0,14,0%,68.57
https://risclens.com/compare/securityscorecard-alternatives/for/legaltech,0,14,0%,84.29
https://risclens.com/compare/drata-vs-vanta/for/gaming,0,14,0%,89
https://risclens.com/compare/tyk-alternatives/for/healthtech,0,14,0%,89.71
https://risclens.com/compliance/directory/stackblitz,0,13,0%,2.23
https://risclens.com/compliance/directory/contractpodai,0,13,0%,2.38
https://risclens.com/pricing/cynomi,0,13,0%,3.08
https://risclens.com/compliance/directory/inngest,0,13,0%,6.23
https://risclens.com/compare/wayfair-alternatives/for/cybersecurity,0,13,0%,6.31
https://risclens.com/compliance/directory/chameleon,0,13,0%,6.31
https://risclens.com/compliance/migrate/pci-dss-to-soc2,0,13,0%,6.62
https://risclens.com/compliance/directory/sendbird,0,13,0%,6.85
https://risclens.com/compare/bugsnag-alternatives/for/cybersecurity,0,13,0%,7.15
https://risclens.com/compare/tempus-alternatives/for/ai-ml,0,13,0%,7.46
https://risclens.com/compare/clickup-alternatives/for/healthcare,0,13,0%,8
https://risclens.com/compliance/directory/resend,0,13,0%,8.08
https://risclens.com/compliance/directory/bubble,0,13,0%,8.23
https://risclens.com/compliance/directory/canva,0,13,0%,8.92
https://risclens.com/compare/supabase-alternatives/for/gaming,0,13,0%,9
https://risclens.com/compliance/directory/verkada,0,13,0%,9
https://risclens.com/compare/weaviate-alternatives/for/cybersecurity,0,13,0%,9.08
https://risclens.com/compare/firehydrant-alternatives/for/ecommerce,0,13,0%,9.38
https://risclens.com/compliance/directory/jasper,0,13,0%,9.62
https://risclens.com/compare/stripe-alternatives/for/cybersecurity,0,13,0%,9.92
https://risclens.com/compliance/directory/copy-ai,0,13,0%,9.92
https://risclens.com/compare/notable-health-alternatives/for/healthtech,0,13,0%,10.08
https://risclens.com/compliance/directory/zscaler,0,13,0%,10.31
https://risclens.com/compare/strike-graph-vs-resolver,0,13,0%,10.69
https://risclens.com/compare/cohere-alternatives/for/ai-ml,0,13,0%,10.85
https://risclens.com/compare/localstack-alternatives/for/ecommerce,0,13,0%,11.77
https://risclens.com/compliance/directory/lever,0,13,0%,12.31
https://risclens.com/compare/cognition-alternatives/for/ai-ml,0,13,0%,12.85
https://risclens.com/compare/spekit-alternatives/for/cybersecurity,0,13,0%,13.38
https://risclens.com/compare/cursor-alternatives/for/hr-tech,0,13,0%,13.46
https://risclens.com/compare/drata-vs-strike-graph,0,13,0%,13.46
https://risclens.com/compare/neon-alternatives/for/cybersecurity,0,13,0%,13.54
https://risclens.com/compare/finch-api-alternatives/for/saas,0,13,0%,13.77
https://risclens.com/compliance/directory/temporal,0,13,0%,13.77
https://risclens.com/compare/secureframe-vs-thoropass/for/ai-ml,0,13,0%,15.38
https://risclens.com/compliance/directory/servicenow-grc,0,13,0%,15.54
https://risclens.com/compare/finch-api-alternatives/for/fintech,0,13,0%,15.85
https://risclens.com/compare/abnormal-security-alternatives/for/ai-ml,0,13,0%,18.54
https://risclens.com/compare/vanta-vs-scrut,0,13,0%,19.46
https://risclens.com/compare/laika-alternatives/for/defense-tech,0,13,0%,20.62
https://risclens.com/compare/dbt-labs-alternatives/for/cybersecurity,0,13,0%,22.23
https://risclens.com/vendor-risk-assessment,0,13,0%,22.62
https://risclens.com/compare/couchbase-alternatives/for/saas,0,13,0%,23.46
https://risclens.com/compare/checkout-com-alternatives/for/manufacturing,0,13,0%,23.69
https://risclens.com/compare/sysdig-alternatives/for/cybersecurity,0,13,0%,28.77
https://risclens.com/compare/sift-alternatives/for/fintech,0,13,0%,29
https://risclens.com/compare/coreweave-alternatives/for/cybersecurity,0,13,0%,32.46
https://risclens.com/soc-2-cost-calculator,0,13,0%,35.69
https://risclens.com/compare/rutter-alternatives/for/cybersecurity,0,13,0%,35.92
https://risclens.com/compare/lyra-health-alternatives/for/healthcare,0,13,0%,38.92
https://risclens.com/compare/clickup-alternatives/for/cybersecurity,0,13,0%,39.08
https://risclens.com/compare/pantheon-alternatives/for/saas,0,13,0%,39.54
https://risclens.com/compare/finch-alternatives/for/saas,0,13,0%,39.92
https://risclens.com/compare/thoropass-alternatives/for/saas,0,13,0%,40.31
https://risclens.com/compare/appcues-alternatives/for/saas,0,13,0%,47.92
https://risclens.com/compare/lacework-vs-apptega,0,13,0%,48.54
https://risclens.com/compare/pleo-alternatives/for/gaming,0,13,0%,48.62
https://risclens.com/compare/zendesk-alternatives/for/healthcare,0,13,0%,52.62
https://risclens.com/compare/onetrust-alternatives/for/manufacturing,0,13,0%,74.46
https://risclens.com/compare/secureframe-vs-vanta/for/govtech,0,13,0%,74.92
https://risclens.com/compare/secureframe-vs-vanta/for/manufacturing,0,13,0%,81.69
https://risclens.com/compare/userguiding-alternatives/for/hr-tech,0,13,0%,84.15
https://risclens.com/compare/secureframe-vs-vanta/for/healthcare,0,13,0%,88.23
https://risclens.com/compare/secureframe-vs-vanta/for/insurance,0,13,0%,93.46
https://risclens.com/compare/hyperproof-vs-logicgate,0,12,0%,3.83
https://risclens.com/compliance/directory/nium,0,12,0%,3.83
https://risclens.com/compare/cerebral-alternatives/for/healthtech,0,12,0%,6.17
https://risclens.com/auditor-directory/garland,0,12,0%,6.42
https://risclens.com/compare/laika-alternatives/for/ecommerce,0,12,0%,6.67
https://risclens.com/compare/statsig-alternatives/for/hr-tech,0,12,0%,6.75
https://risclens.com/compare/navan-alternatives/for/cybersecurity,0,12,0%,6.83
https://risclens.com/compliance/directory/framer,0,12,0%,7.25
https://risclens.com/compare/arthur-ai-alternatives/for/ai-ml,0,12,0%,7.42
https://risclens.com/compliance/directory/ashby-hr,0,12,0%,7.67
https://risclens.com/compliance/directory/fastly,0,12,0%,7.92
https://risclens.com/eu-ai-act/eu-ai-act-cost/cybersecurity,0,12,0%,8.33
https://risclens.com/compliance/directory/raycast,0,12,0%,8.58
https://risclens.com/compare/ibm-cloud-alternatives/for/cybersecurity,0,12,0%,10.25
https://risclens.com/compliance/directory/auth0-identity,0,12,0%,10.33
https://risclens.com/compliance/directory/checkmarx,0,12,0%,10.58
https://risclens.com/compliance/directory/zapier,0,12,0%,10.92
https://risclens.com/compliance/directory/smartlook,0,12,0%,11.17
https://risclens.com/compare/cilium-alternatives/for/cybersecurity,0,12,0%,11.42
https://risclens.com/compare/modern-treasury-alternatives/for/fintech,0,12,0%,14
https://risclens.com/compliance/directory/recurly,0,12,0%,14.67
https://risclens.com/compare/prevalent-alternatives/for/ai-ml,0,12,0%,15.75
https://risclens.com/compare/tessian-alternatives/for/cybersecurity,0,12,0%,15.92
https://risclens.com/ai-governance/gdpr-compliance-for-saas,0,12,0%,16.5
https://risclens.com/compare/openai-alternatives/for/cybersecurity,0,12,0%,19.25
https://risclens.com/pci-dss/cost/devtools,0,12,0%,28.25
https://risclens.com/compare/clerk-alternatives/for/cybersecurity,0,12,0%,29.92
https://risclens.com/compare/sprinto-vs-auditboard,0,12,0%,33.83
https://risclens.com/compare/vanta-vs-sprinto/for/cybersecurity,0,12,0%,34.33
https://risclens.com/compare/highspot-alternatives/for/marketing-ai,0,12,0%,35.83
https://risclens.com/hipaa/compliance/ecommerce,0,12,0%,37.33
https://risclens.com/iso-27001/compliance-roadmap/fintech,0,12,0%,38.92
https://risclens.com/compare/secureframe-vs-apptega,0,12,0%,43.08
https://risclens.com/compare/onetrust-alternatives/for/hr-tech,0,12,0%,56.42
https://risclens.com/compare/rudderstack-alternatives/for/ecommerce,0,12,0%,59.42
https://risclens.com/compare/talkdesk-alternatives/for/ai-ml,0,12,0%,62.92
https://risclens.com/compare/honeycomb-alternatives/for/cybersecurity,0,12,0%,64.58
https://risclens.com/compare/travelperk-alternatives/for/fintech,0,12,0%,65.5
https://risclens.com/compare/akamai-alternatives/for/saas,0,12,0%,65.75
https://risclens.com/compare/secureframe-vs-vanta/for/ai-ml,0,12,0%,66.25
https://risclens.com/compare/rudderstack-alternatives/for/hr-tech,0,12,0%,66.42
https://risclens.com/compare/travelperk-alternatives/for/manufacturing,0,12,0%,75.83
https://risclens.com/compare/rapid7-alternatives/for/healthcare,0,12,0%,76
https://risclens.com/compare/netskope-alternatives/for/ecommerce,0,12,0%,77
https://risclens.com/compare/secureframe-vs-vanta/for/ecommerce,0,12,0%,87.42
https://risclens.com/iso-42001/compliance-roadmap/fintech,0,11,0%,4.91
https://risclens.com/compare/market-intelligence,0,11,0%,5.82
https://risclens.com/compare/linear-alternatives/for/saas,0,11,0%,6.09
https://risclens.com/compare/drata-vs-workiva,0,11,0%,6.27
https://risclens.com/compare/zapier-alternatives/for/fintech,0,11,0%,6.27
https://risclens.com/compliance/directory/ppro,0,11,0%,6.27
https://risclens.com/compare/stackblitz-alternatives/for/cybersecurity,0,11,0%,6.73
https://risclens.com/compliance/directory/butterfly-network,0,11,0%,6.82
https://risclens.com/compare/logicgate-vs-onetrust,0,11,0%,7
https://risclens.com/compliance/directory/aerospike,0,11,0%,7.09
https://risclens.com/compare/cloudflare-alternatives/for/saas,0,11,0%,7.64
https://risclens.com/compliance/directory/h2o-ai,0,11,0%,8.73
https://risclens.com/compliance/directory/zalando,0,11,0%,8.73
https://risclens.com/compliance/directory/smartsheet,0,11,0%,9.91
https://risclens.com/compare/stonly-alternatives/for/gaming,0,11,0%,11
https://risclens.com/compare/salt-security-alternatives/for/cybersecurity,0,11,0%,11.09
https://risclens.com/compare/onetrust-vs-workiva,0,11,0%,11.36
https://risclens.com/compare/fivetran-alternatives/for/marketing-ai,0,11,0%,13.36
https://risclens.com/compare/confluent-alternatives/for/saas,0,11,0%,14.18
https://risclens.com/compare/rutter-alternatives/for/saas,0,11,0%,15.64
https://www.risclens.com/,0,11,0%,17.09
https://risclens.com/compare/lambda-labs-alternatives/for/ai-ml,0,11,0%,19.64
https://risclens.com/compare/vanta-vs-logicgate,0,11,0%,20.55
https://risclens.com/compare/localstack-alternatives/for/cybersecurity,0,11,0%,22
https://risclens.com/compare/localstack-alternatives/for/saas,0,11,0%,24.27
https://risclens.com/compare/tanium-alternatives/for/ai-ml,0,11,0%,25.91
https://risclens.com/compare/plaid-alternatives/for/saas,0,11,0%,30.36
https://risclens.com/compare/rutter-alternatives/for/fintech,0,11,0%,31.36
https://risclens.com/compare/wp-engine-alternatives/for/cybersecurity,0,11,0%,32.82
https://risclens.com/compare/algolia-alternatives/for/ai-ml,0,11,0%,33.18
https://risclens.com/compare/tanium-alternatives/for/hr-tech,0,11,0%,36.55
https://risclens.com/ai-governance/ai-governance-metrics,0,11,0%,44.27
https://risclens.com/compare/panorays-alternatives/for/ecommerce,0,11,0%,46.18
https://risclens.com/compare/tanium-alternatives/for/devtools,0,11,0%,54.73
https://risclens.com/compare/hopper-alternatives/for/logistics,0,11,0%,55.09
https://risclens.com/compare/rapid7-alternatives/for/ai-ml,0,11,0%,56
https://risclens.com/compare/scytale-vs-apptega,0,11,0%,57.73
https://risclens.com/auditor-directory/san-francisco,0,11,0%,61
https://risclens.com/compare/adyen-alternatives/for/fintech,0,11,0%,61.18
https://risclens.com/compare/vanta-vs-secureframe/for/gaming,0,11,0%,68.18
https://risclens.com/compare/payhawk-alternatives/for/ecommerce,0,11,0%,68.45
https://risclens.com/compare/panorays-alternatives/for/legaltech,0,11,0%,68.73
https://risclens.com/compare/secureframe-vs-vanta/for/hr-tech,0,11,0%,69.82
https://risclens.com/compare/jupiterone-alternatives/for/ai-ml,0,11,0%,71.27
https://risclens.com/iso-42001/risk-assessment/ecommerce,0,11,0%,73.55
https://risclens.com/compare/auditboard-alternatives/for/gaming,0,11,0%,83.18
https://risclens.com/compare/rudderstack-alternatives/for/healthtech,0,11,0%,90.36
https://risclens.com/compliance/directory/resemble,0,10,0%,3
https://risclens.com/pricing/lacework,0,10,0%,3.2
https://risclens.com/pricing/scrut,0,10,0%,3.5
https://risclens.com/compliance/directory/klaviyo,0,10,0%,4
https://risclens.com/compliance/directory/expensify,0,10,0%,4.6
https://risclens.com/compliance/directory/gem,0,10,0%,4.6
https://risclens.com/compliance/directory/highspot,0,10,0%,4.8
https://risclens.com/compliance/directory/mercury,0,10,0%,4.8
https://risclens.com/compare/cynomi-vs-workiva,0,10,0%,4.9
https://risclens.com/compliance/directory/scale-ai,0,10,0%,4.9
https://risclens.com/compare/thoropass-vs-secureframe/for/saas,0,10,0%,5.3
https://risclens.com/compare/runway-alternatives/for/marketing-ai,0,10,0%,5.7
https://risclens.com/compliance/directory/trm-labs,0,10,0%,6
https://risclens.com/compliance/directory/15five-hr,0,10,0%,6.4
https://risclens.com/soc-2/cost/fintech,0,10,0%,6.5
https://risclens.com/compliance/directory/chronosphere,0,10,0%,6.7
https://risclens.com/compare/oscar-health-alternatives/for/healthcare,0,10,0%,7
https://risclens.com/compare/vanta-vs-a-lign,0,10,0%,7
https://risclens.com/compare/sprinto-vs-strike-graph,0,10,0%,7.4
https://risclens.com/compliance/directory/commercetools,0,10,0%,7.6
https://risclens.com/compliance/directory/trulioo,0,10,0%,7.6
https://risclens.com/compare/scrut-vs-anecdotes,0,10,0%,7.8
https://risclens.com/compare/secureframe-vs-thoropass/for/saas,0,10,0%,7.9
https://risclens.com/compare/a-lign-vs-auth0,0,10,0%,8.4
https://risclens.com/compare/logdna-alternatives/for/ai-ml,0,10,0%,8.7
https://risclens.com/compare/sprinto-vs-thoropass/for/ai-ml,0,10,0%,9
https://risclens.com/compare/fiddler-ai-alternatives/for/ai-ml,0,10,0%,9.2
https://risclens.com/iso-27001/implementation-guide/gaming,0,10,0%,9.4
https://risclens.com/compliance/directory/fabric,0,10,0%,10
https://risclens.com/compliance/directory/palo-alto-networks,0,10,0%,10.4
https://risclens.com/compare/rapyd-alternatives/for/fintech,0,10,0%,10.7
https://risclens.com/compare/cisco-alternatives/for/cybersecurity,0,10,0%,10.9
https://risclens.com/compare/servicenow-grc-alternatives/for/devtools,0,10,0%,11.1
https://risclens.com/soc-2/compliance/fintech,0,10,0%,11.3
https://risclens.com/compliance/directory/clickup,0,10,0%,12.1
https://risclens.com/compare/firehydrant-alternatives/for/saas,0,10,0%,12.5
https://risclens.com/compare/sprinto-vs-anecdotes,0,10,0%,12.8
https://risclens.com/compare/cresta-alternatives/for/cybersecurity,0,10,0%,12.9
https://risclens.com/compare/kinsta-alternatives/for/insurance,0,10,0%,13.9
https://risclens.com/compare/tailscale-alternatives/for/cybersecurity,0,10,0%,14
https://risclens.com/soc-2/stack/github,0,10,0%,15
https://risclens.com/compliance/directory/dropbox,0,10,0%,16
https://risclens.com/compare/sophos-alternatives/for/cybersecurity,0,10,0%,17
https://risclens.com/compliance/directory/secureframe-compliance,0,10,0%,17.2
https://risclens.com/compare/optimizely-alternatives/for/cybersecurity,0,10,0%,20
https://risclens.com/compliance/directory/abtasty,0,10,0%,20.5
https://risclens.com/compliance/directory/livechat,0,10,0%,20.5
https://risclens.com/compare/iterable-alternatives/for/saas,0,10,0%,22.8
https://risclens.com/compare/coralogix-alternatives/for/crypto-web3,0,10,0%,25.5
https://risclens.com/compare/spendesk-alternatives/for/fintech,0,10,0%,27.2
https://risclens.com/compare/moengage-alternatives/for/saas,0,10,0%,29.1
https://risclens.com/compare/cyera-alternatives/for/edtech,0,10,0%,29.6
https://risclens.com/compare/treasury-prime-alternatives/for/fintech,0,10,0%,29.8
https://risclens.com/compliance/iso-27001/iso-27001-compliance-for-fintech,0,10,0%,30.8
https://risclens.com/compliance/directory/riskrecon,0,10,0%,31.9
https://risclens.com/compare/wiz-alternatives/for/saas,0,10,0%,34.3
https://risclens.com/compare/mend-alternatives/for/cybersecurity,0,10,0%,35.7
https://risclens.com/compare/contentsquare-alternatives/for/marketing-ai,0,10,0%,36.4
https://risclens.com/compare/drata-vs-thoropass/for/cybersecurity,0,10,0%,37.3
https://risclens.com/compare/vanta-alternatives/for/ai-ml,0,10,0%,38.5
https://risclens.com/compare/iterable-alternatives/for/marketing-ai,0,10,0%,41.1
https://risclens.com/compare/sprinto-alternatives/for/cybersecurity,0,10,0%,46.2
https://risclens.com/compare/secureframe-alternatives/for/healthtech,0,10,0%,46.5
https://risclens.com/compare/hyperproof-alternatives/for/gaming,0,10,0%,50.8
https://risclens.com/compare/cloudflare-alternatives/for/cybersecurity,0,10,0%,51.1
https://risclens.com/compare/pantheon-alternatives/for/ecommerce,0,10,0%,51.6
https://risclens.com/compare/vanta-vs-apptega,0,10,0%,55.6
https://risclens.com/compare/workiva-alternatives/for/ecommerce,0,10,0%,56
https://risclens.com/compare/appcues-alternatives/for/cybersecurity,0,10,0%,61.2
https://risclens.com/compare/vgs-alternatives/for/cybersecurity,0,10,0%,69.4
https://risclens.com/compare/secureframe-vs-vanta/for/digital-health,0,10,0%,74.1
https://risclens.com/compare/benchling-alternatives/for/healthtech,0,10,0%,85.7
https://risclens.com/compare/rapid7-alternatives/for/gaming,0,10,0%,86.9
https://risclens.com/compare/vanta-vs-drata/for/manufacturing,0,10,0%,90.5
https://risclens.com/compare/fathom-alternatives/for/manufacturing,0,9,0%,3.67
https://risclens.com/compare/cloudflare-alternatives/for/fintech,0,9,0%,3.78
https://risclens.com/compliance/directory/holistic-ai,0,9,0%,3.78
https://risclens.com/compliance/directory/cloudinary,0,9,0%,4.11
https://risclens.com/compliance/directory/hims-hers,0,9,0%,4.22
https://risclens.com/compliance/directory/calm,0,9,0%,4.44
https://risclens.com/compare/laika-alternatives/for/gaming,0,9,0%,4.67
https://risclens.com/compliance/directory/torch-hr,0,9,0%,4.78
https://risclens.com/compare/fiddler-ai-alternatives/for/cybersecurity,0,9,0%,4.89
https://risclens.com/compliance/directory/heartflow,0,9,0%,4.89
https://risclens.com/iso-27001/timeline/marketing-ai,0,9,0%,5.11
https://risclens.com/compare/laika-alternatives/for/proptech,0,9,0%,5.67
https://risclens.com/compare/clearbit-alternatives/for/defense-tech,0,9,0%,5.89
https://risclens.com/compliance/directory/descript,0,9,0%,5.89
https://risclens.com/compliance/directory/sardine,0,9,0%,5.89
https://risclens.com/compliance/directory/pulumi,0,9,0%,6.22
https://risclens.com/compliance/directory/mparticle,0,9,0%,6.44
https://risclens.com/compare/cresta-alternatives/for/insurance,0,9,0%,6.56
https://risclens.com/pricing/strike-graph,0,9,0%,6.67
https://risclens.com/iso-27001/audit-prep/healthcare,0,9,0%,6.78
https://risclens.com/soc-2-timeline,0,9,0%,7
https://risclens.com/gdpr/for/chief-ai-officer/crypto-web3,0,9,0%,7.22
https://risclens.com/compliance/directory/pluralsight-edu,0,9,0%,7.33
https://risclens.com/compliance/directory/archer,0,9,0%,7.44
https://risclens.com/soc-2-readiness/fintech,0,9,0%,7.56
https://risclens.com/compare/cityblock-health-alternatives/for/healthcare,0,9,0%,7.78
https://risclens.com/compare/soldo-alternatives/for/hr-tech,0,9,0%,8.11
https://risclens.com/compare/mistral-ai-alternatives/for/ai-ml,0,9,0%,8.67
https://risclens.com/compare/sentra-alternatives/for/cybersecurity,0,9,0%,8.78
https://risclens.com/compliance/directory/elevenlabs,0,9,0%,8.78
https://risclens.com/compliance/directory/transcend,0,9,0%,8.89
https://risclens.com/compare/pleo-alternatives/for/cybersecurity,0,9,0%,9.11
https://risclens.com/compliance/directory/6sense,0,9,0%,9.22
https://risclens.com/compliance/directory/charthop-hr,0,9,0%,9.44
https://risclens.com/compliance/directory/gladly,0,9,0%,9.56
https://risclens.com/compare/modern-treasury-alternatives/for/saas,0,9,0%,10
https://risclens.com/compare/cerebras-alternatives/for/devtools,0,9,0%,10.22
https://risclens.com/compliance/directory/sentinelone,0,9,0%,10.22
https://risclens.com/compare/thoropass-vs-secureframe/for/cybersecurity,0,9,0%,10.44
https://risclens.com/compliance/directory/multiplier-hr,0,9,0%,10.44
https://risclens.com/compliance/directory/sembly,0,9,0%,11.22
https://risclens.com/compare/navan-alternatives/for/fintech,0,9,0%,12.56
https://risclens.com/compare/carta-alternatives/for/fintech,0,9,0%,12.78
https://risclens.com/soc-2/compliance-roadmap/fintech,0,9,0%,14.22
https://risclens.com/compare/cleanlab-alternatives/for/ai-ml,0,9,0%,14.44
https://risclens.com/compare/livongo-alternatives/for/healthcare,0,9,0%,14.44
https://risclens.com/compare/airwallex-alternatives/for/fintech,0,9,0%,14.89
https://risclens.com/compare/ramp-alternatives/for/fintech,0,9,0%,15.11
https://risclens.com/compare/replit-alternatives/for/cybersecurity,0,9,0%,16.11
https://risclens.com/compare/zilch-alternatives/for/fintech,0,9,0%,16.11
https://risclens.com/compare/superblocks-alternatives/for/ai-ml,0,9,0%,16.67
https://risclens.com/auditor-directory/portland,0,9,0%,16.89
https://risclens.com/compare/spring-health-alternatives/for/healthcare,0,9,0%,17.11
https://risclens.com/ai-governance/ai-governance-checklist/ai-ml,0,9,0%,18
https://risclens.com/compare/mercury-alternatives/for/ecommerce,0,9,0%,19.22
https://risclens.com/compare/hotjar-alternatives/for/cybersecurity,0,9,0%,20.11
https://risclens.com/compare/verkada-alternatives/for/cybersecurity,0,9,0%,20.11
https://risclens.com/compare/cresta-alternatives/for/healthcare,0,9,0%,23.11
https://risclens.com/compare/trend-micro-alternatives/for/cybersecurity,0,9,0%,23.22
https://risclens.com/compare/confluence-alternatives/for/ai-ml,0,9,0%,24.11
https://risclens.com/pci-dss/pci-dss-checklist/fintech,0,9,0%,26.78
https://risclens.com/compare/holistic-ai-alternatives,0,9,0%,28
https://risclens.com/compare/render-alternatives/for/crypto-web3,0,9,0%,28.89
https://risclens.com/compare/braze-alternatives/for/cybersecurity,0,9,0%,31.44
https://risclens.com/compare/typeform-alternatives/for/cybersecurity,0,9,0%,33.33
https://risclens.com/compare/factorial-alternatives/for/hr-tech,0,9,0%,36
https://risclens.com/pci-dss/compliance/healthcare,0,9,0%,36.89
https://risclens.com/compare/apptega-vs-workiva,0,9,0%,37
https://risclens.com/compliance/soc-2/soc-2-compliance-for-saas,0,9,0%,39
https://risclens.com/compare/notion-alternatives/for/cybersecurity,0,9,0%,39.67
https://risclens.com/compare/qualys-alternatives/for/insurtech,0,9,0%,39.67
https://risclens.com/compliance/directory/panorays,0,9,0%,39.89
https://risclens.com/compare/hebbia-alternatives/for/cybersecurity,0,9,0%,42.33
https://risclens.com/compare/couchbase-alternatives/for/devtools,0,9,0%,43.67
https://risclens.com/compare/cohesity-alternatives/for/cybersecurity,0,9,0%,47.78
https://risclens.com/compare/bigid-alternatives/for/healthcare,0,9,0%,51.89
https://risclens.com/compare/soldo-alternatives/for/healthcare,0,9,0%,52.22
https://risclens.com/compare/darktrace-alternatives/for/insurtech,0,9,0%,54.67
https://risclens.com/iso-27001/for/account-executive/fintech,0,9,0%,57.89
https://risclens.com/compare/scytale-vs-logicgate,0,9,0%,58
https://risclens.com/compare/vanta-vs-drata,0,9,0%,59
https://risclens.com/compare/veracode-alternatives/for/healthtech,0,9,0%,59.56
https://risclens.com/nist-ai-rmf/controls-mapping/ai-ml,0,9,0%,62.44
https://risclens.com/compare/pluralsight-edu-alternatives/for/ai-ml,0,9,0%,67.78
https://risclens.com/compare/hyperproof-alternatives/for/healthcare,0,9,0%,74.78
https://risclens.com/compare/launchdarkly-alternatives/for/healthcare,0,9,0%,79.67
https://risclens.com/compare/auditboard-alternatives/for/saas,0,9,0%,82.78
https://risclens.com/compare/veracode-alternatives/for/healthcare,0,9,0%,84.67
https://risclens.com/compare/akita-alternatives/for/saas,0,9,0%,85.56
https://risclens.com/compare/jupiterone-alternatives/for/fintech,0,9,0%,87.44
https://risclens.com/compliance/directory/airbase,0,8,0%,2.62
https://risclens.com/compliance/directory/qure-ai,0,8,0%,3.12
https://risclens.com/soc-2/soc-2-timeline/ai-ml,0,8,0%,3.25
https://risclens.com/compliance/directory/invideo,0,8,0%,3.38
https://risclens.com/compare/thoropass-vs-workiva,0,8,0%,4.5
https://risclens.com/compliance/directory/revolut,0,8,0%,4.5
https://risclens.com/compliance/directory/loops,0,8,0%,4.62
https://risclens.com/compliance/directory/maven-clinic,0,8,0%,4.88
https://risclens.com/compliance/directory/tecton,0,8,0%,4.88
https://risclens.com/soc-2/for/ceo/ai-ml,0,8,0%,5
https://risclens.com/compare/sakana-ai-alternatives/for/ai-ml,0,8,0%,5.12
https://risclens.com/compliance/directory/lookback,0,8,0%,5.38
https://risclens.com/compare/robinhood-alternatives/for/cybersecurity,0,8,0%,5.5
https://risclens.com/compare/raycast-alternatives/for/saas,0,8,0%,5.62
https://risclens.com/compliance/directory/qonto,0,8,0%,6.38
https://risclens.com/compliance/directory/optimizely,0,8,0%,6.5
https://risclens.com/compare/42crunch-alternatives/for/cybersecurity,0,8,0%,6.88
https://risclens.com/compare/navan-alternatives/for/hr-tech,0,8,0%,7.25
https://risclens.com/compliance/directory/rapyd,0,8,0%,7.25
https://risclens.com/compliance/directory/bridgecrew,0,8,0%,7.38
https://risclens.com/compare/airbnb-alternatives/for/cybersecurity,0,8,0%,7.5
https://risclens.com/compliance/directory/buildkite,0,8,0%,7.5
https://risclens.com/compliance/directory/descope,0,8,0%,8
https://risclens.com/compliance/directory/axiom,0,8,0%,8.12
https://risclens.com/compare/grafana-labs-alternatives/for/healthcare,0,8,0%,8.25
https://risclens.com/compliance/directory/talkdesk,0,8,0%,8.25
https://risclens.com/compliance/directory/resolver,0,8,0%,8.38
https://risclens.com/compare/cohere-alternatives/for/healthcare,0,8,0%,8.88
https://risclens.com/compliance/directory/riskified,0,8,0%,8.88
https://risclens.com/compare/netflix-alternatives/for/hr-tech,0,8,0%,9
https://risclens.com/compare/kayak-alternatives/for/fintech,0,8,0%,9.25
https://risclens.com/compare/pinecone-alternatives/for/cybersecurity,0,8,0%,9.75
https://risclens.com/compliance/directory/aqua-security,0,8,0%,9.88
https://risclens.com/compare/anthropic-alternatives/for/ai-ml,0,8,0%,10
https://risclens.com/compare/cynomi-vs-resolver,0,8,0%,10.88
https://risclens.com/compare/lacework-alternatives/for/marketing-ai,0,8,0%,10.88
https://risclens.com/compare/lithic-alternatives/for/fintech,0,8,0%,11.5
https://risclens.com/compare/ceridian-alternatives/for/healthtech,0,8,0%,12
https://risclens.com/compare/supabase-alternatives/for/cybersecurity,0,8,0%,12
https://risclens.com/hipaa/for/backend-engineer/biotech,0,8,0%,13.75
https://risclens.com/compare/datadog-alternatives/for/saas,0,8,0%,14
https://risclens.com/compare/salesforce-alternatives/for/cybersecurity,0,8,0%,14.12
https://risclens.com/compare/fifteen-five-alternatives/for/edtech,0,8,0%,15.38
https://risclens.com/compare/tempus-alternatives/for/healthcare,0,8,0%,15.62
https://risclens.com/compare/postman-alternatives/for/saas,0,8,0%,15.88
https://risclens.com/compare/dataiku-alternatives/for/ai-ml,0,8,0%,16
https://risclens.com/soc-2/for/auditor/saas,0,8,0%,16.12
https://risclens.com/compliance/directory/rapid7,0,8,0%,16.38
https://risclens.com/compare/hyperproof-vs-anecdotes,0,8,0%,17
https://risclens.com/compare/lyra-health-alternatives/for/healthtech,0,8,0%,18.12
https://risclens.com/compare/osano-alternatives/for/marketing-ai,0,8,0%,18.12
https://risclens.com/compliance/directory/finch-api,0,8,0%,18.62
https://risclens.com/compare/huggingface-alternatives,0,8,0%,19.25
https://risclens.com/compare/omada-health-alternatives/for/healthcare,0,8,0%,19.62
https://risclens.com/compare/statsig-alternatives/for/cybersecurity,0,8,0%,20.75
https://risclens.com/compare/strike-graph-vs-logicgate,0,8,0%,20.88
https://risclens.com/compare/polar-security-alternatives/for/cybersecurity,0,8,0%,23.12
https://risclens.com/compare/sysdig-alternatives/for/saas,0,8,0%,23.25
https://risclens.com/compare/pendo-alternatives/for/insurance,0,8,0%,23.62
https://risclens.com/compare/moengage-alternatives/for/healthtech,0,8,0%,24.5
https://risclens.com/compare/standardfusion-alternatives/for/cybersecurity,0,8,0%,24.88
https://risclens.com/compare/temporal-alternatives/for/cybersecurity,0,8,0%,25.88
https://risclens.com/compare/arize-ai-alternatives/for/ai-ml,0,8,0%,27.12
https://risclens.com/compare/commercetools-alternatives/for/crypto-web3,0,8,0%,27.25
https://risclens.com/compare/sentry-alternatives/for/saas,0,8,0%,29.62
https://risclens.com/compare/apollo-graphql-alternatives/for/saas,0,8,0%,30
https://risclens.com/compare/starling-bank-alternatives/for/fintech,0,8,0%,32.75
https://risclens.com/compare/typeform-alternatives/for/saas,0,8,0%,34
https://risclens.com/ai-governance/ai-policy-development/manufacturing,0,8,0%,34.75
https://risclens.com/compare/churnzero-alternatives/for/saas,0,8,0%,35
https://risclens.com/compare/axiom-alternatives/for/ai-ml,0,8,0%,39.38
https://risclens.com/compare/dataiku-alternatives/for/cybersecurity,0,8,0%,39.75
https://risclens.com/compare/evenup-alternatives/for/healthcare,0,8,0%,40.12
https://risclens.com/compare/localstack-alternatives/for/healthcare,0,8,0%,41.25
https://risclens.com/compare/abnormal-security-alternatives/for/cybersecurity,0,8,0%,41.62
https://risclens.com/compare/beyondtrust-alternatives/for/saas,0,8,0%,43.25
https://risclens.com/ai-governance/ai-governance-checklist/healthcare,0,8,0%,44.5
https://risclens.com/compliance/soc-2/soc-2-compliance-for-fintech,0,8,0%,44.75
https://risclens.com/compare/asana-alternatives/for/healthcare,0,8,0%,48.25
https://risclens.com/compare/complianceai-alternatives/for/marketing-ai,0,8,0%,50.38
https://risclens.com/compare/attentive-alternatives/for/marketing-ai,0,8,0%,52.12
https://risclens.com/compare/vanta-vs-sprinto/for/saas,0,8,0%,53.25
https://risclens.com/compare/strike-graph-vs-apptega,0,8,0%,54.5
https://risclens.com/compare/ably-alternatives/for/ecommerce,0,8,0%,56
https://risclens.com/ai-governance/checklist/manufacturing,0,8,0%,56.75
https://risclens.com/compare/hyperproof-vs-strike-graph,0,8,0%,61
https://risclens.com/compare/darktrace-alternatives/for/healthcare,0,8,0%,61.88
https://risclens.com/compare/rapid7-alternatives/for/healthtech,0,8,0%,65.5
https://risclens.com/compare/riskrecon-alternatives/for/healthtech,0,8,0%,68.38
https://risclens.com/compare/onetrust-alternatives/for/healthcare,0,8,0%,68.5
https://risclens.com/compare/bigid-alternatives/for/logistics,0,8,0%,69.5
https://risclens.com/compare/soldo-alternatives/for/martech,0,8,0%,70
https://risclens.com/compare/vanta-vs-sprinto/for/gaming,0,8,0%,70.75
https://risclens.com/compare/tyk-alternatives/for/saas,0,8,0%,72.75
https://risclens.com/compare/typeform-alternatives/for/healthcare,0,8,0%,72.88
https://risclens.com/compare/vanta-alternatives/for/healthcare,0,8,0%,73.38
https://risclens.com/compare/auditboard-alternatives/for/manufacturing,0,8,0%,73.75
https://risclens.com/compare/chameleon-alternatives/for/cybersecurity,0,8,0%,74
https://risclens.com/compare/cyera-alternatives/for/govtech,0,8,0%,75.62
https://risclens.com/compare/travelperk-alternatives/for/cybersecurity,0,8,0%,76
https://risclens.com/compare/rapid7-alternatives/for/govtech,0,8,0%,78.88
https://risclens.com/compare/auditboard-alternatives/for/ai-ml,0,8,0%,79.25
https://risclens.com/compare/cresta-alternatives/for/ai-ml,0,8,0%,79.75
https://risclens.com/compare/drata-alternatives/for/manufacturing,0,8,0%,88.38
https://risclens.com/compare/payhawk-alternatives/for/manufacturing,0,8,0%,90.62
https://risclens.com/compare/drata-alternatives/for/ecommerce,0,8,0%,91.38
https://risclens.com/compare/onetrust-alternatives/for/ecommerce,0,8,0%,92.75
https://risclens.com/compare/bitsight-alternatives/for/digital-health,0,8,0%,93.12
https://risclens.com/compare/localstack-alternatives/for/hr-tech,0,7,0%,1.71
https://risclens.com/compliance/directory/pinterest,0,7,0%,2.14
https://risclens.com/compare/laminar-alternatives/for/cybersecurity,0,7,0%,2.29
https://risclens.com/compare/webex-alternatives/for/ecommerce,0,7,0%,2.29
https://risclens.com/compliance/directory/snorkel-ai,0,7,0%,4
https://risclens.com/soc-2/for/ai-governance-analyst/healthcare,0,7,0%,4
https://risclens.com/compliance/directory/notable-health,0,7,0%,4.57
https://risclens.com/compliance/directory/oyster-hr,0,7,0%,4.57
https://risclens.com/compare/zuora-alternatives/for/govtech,0,7,0%,4.71
https://risclens.com/compare/dlocal-alternatives/for/cybersecurity,0,7,0%,5.14
https://risclens.com/compare/kayak-alternatives/for/saas,0,7,0%,5.14
https://risclens.com/compare/cityblock-health-alternatives/for/saas,0,7,0%,5.43
https://risclens.com/compliance/directory/unleash,0,7,0%,5.43
https://risclens.com/soc-2/for/risk-manager/fintech,0,7,0%,5.71
https://risclens.com/compare/klarna-alternatives/for/ai-ml,0,7,0%,5.86
https://risclens.com/compliance/directory/remitly,0,7,0%,5.86
https://risclens.com/compare/laika-alternatives/for/insurtech,0,7,0%,6
https://risclens.com/compare/whimsical-alternatives/for/cybersecurity,0,7,0%,6.29
https://risclens.com/compliance/directory/customer-io,0,7,0%,6.29
https://risclens.com/compare/drata-vs-apptega,0,7,0%,6.57
https://risclens.com/compliance/directory/bigid,0,7,0%,6.57
https://risclens.com/compare/railway-alternatives/for/saas,0,7,0%,6.71
https://risclens.com/compare/robinhood-alternatives/for/hr-tech,0,7,0%,6.86
https://risclens.com/compliance/directory/hibob-hr,0,7,0%,6.86
https://risclens.com/compliance/directory/speechify,0,7,0%,7
https://risclens.com/compliance/directory/fireworks-ai,0,7,0%,7.14
https://risclens.com/compliance/directory/clari,0,7,0%,7.29
https://risclens.com/compliance/directory/plaid,0,7,0%,7.29
https://risclens.com/ai-governance/ai-risk-classification/saas,0,7,0%,7.43
https://risclens.com/ai-governance/failure-remediation/fintech,0,7,0%,7.57
https://risclens.com/compare/fossa-alternatives/for/cybersecurity,0,7,0%,7.57
https://risclens.com/soc-2/for/ciso/cybersecurity,0,7,0%,7.57
https://risclens.com/compare/scout-apm-alternatives/for/insurance,0,7,0%,7.71
https://risclens.com/compliance/directory/maze,0,7,0%,7.86
https://risclens.com/compare/cedar-alternatives/for/healthcare,0,7,0%,8
https://risclens.com/compare/laika-alternatives/for/hr-tech,0,7,0%,8
https://risclens.com/compliance/directory/veriff,0,7,0%,8.29
https://risclens.com/compare/klaviyo-alternatives/for/cybersecurity,0,7,0%,8.57
https://risclens.com/compare/palantir-alternatives/for/healthtech,0,7,0%,8.57
https://risclens.com/compare/celonis-alternatives/for/ai-ml,0,7,0%,8.86
https://risclens.com/compliance/directory/oracle-cloud,0,7,0%,9
https://risclens.com/compare/adept-ai-alternatives/for/fintech,0,7,0%,9.29
https://risclens.com/compliance/directory/runway,0,7,0%,9.29